id,f4,f5,f6,f7,master_mode,eman_t3,eman_t4,blaze_t2,blaze_t3,blaze_t4,basic,hot,burning,fiery,infernal
110449466150002688,1,1,1,0,0,0,0,0,0,0,0,0,0,0,0
126448067271589889,0,0,0,0,0,0,0,0,0,0,0,0,0,0,0
131885883120025600,0,0,0,0,0,0,0,0,0,0,0,0,0,0,0
140535782610829312,0,0,0,0,0,0,0,0,0,0,0,0,0,0,0
164949829817073664,0,0,0,0,0,0,0,0,0,0,0,0,0,0,0
168161278924161024,0,0,0,0,0,0,0,0,0,0,0,0,0,0,0
169096409260359680,0,0,0,0,0,0,0,0,0,0,0,0,0,0,0
173489654144696320,0,0,0,0,0,0,0,0,0,0,0,0,0,0,0
187428782301249536,0,0,0,0,0,0,0,0,0,0,0,0,0,0,0
187994289274486784,0,0,0,0,0,1,0,0,0,0,0,0,0,0,0
188511731130171392,0,0,0,0,0,0,0,0,0,0,0,0,0,0,0
191372647735492608,0,0,0,0,0,0,0,0,0,0,0,0,0,0,0
192404896056737792,0,0,1,0,0,0,0,0,0,0,0,0,0,0,0
198672331349032962,0,0,0,0,0,0,0,0,0,0,0,0,0,0,0
201026032122200064,0,0,0,0,0,0,0,0,0,0,0,0,0,0,0
211635709847666688,0,0,0,0,0,1,0,0,0,0,0,0,0,0,0
216574298662502401,0,0,0,0,0,0,0,0,0,0,0,0,0,0,0
217282296003166208,0,1,1,0,0,0,0,0,0,0,0,0,0,0,0
217896727699652608,0,0,0,0,0,0,0,0,0,0,0,0,0,0,0
218170858319904768,0,0,0,0,0,1,1,0,0,0,0,0,0,0,0
223886731387076609,0,0,0,0,0,0,0,0,0,0,0,0,0,0,0
225272613000314881,0,0,0,0,0,0,0,0,0,0,0,0,0,0,0
226470121563095040,0,0,1,0,1,0,0,0,0,0,0,0,0,0,0
226479558176538625,0,0,0,0,0,1,1,0,0,0,0,0,0,0,0
230992981493022721,0,0,0,0,0,0,0,0,0,0,0,0,0,0,0
231188290659811328,0,0,0,0,0,0,0,0,0,0,0,0,0,0,0
235109438736826368,0,0,0,0,0,0,0,0,0,0,0,0,0,0,0
237093807340912640,1,1,1,0,0,0,0,0,0,0,0,0,0,0,0
242287751205093376,0,0,0,0,0,0,0,0,0,0,0,0,0,0,0
244211320302469120,0,0,0,0,0,0,1,0,0,0,0,0,0,0,0
244778756722524160,0,0,0,0,0,0,0,0,0,0,0,0,0,0,0
248304661528969216,0,0,0,0,0,0,0,0,0,0,0,0,0,0,0
249245712192241664,1,1,1,0,0,0,0,0,0,0,0,0,0,0,0
250727058051825665,1,1,1,0,0,0,0,0,0,0,0,0,0,0,0
251033398011887618,0,0,0,0,0,0,0,0,0,0,0,0,0,0,0
252073850429374464,0,0,0,0,0,0,0,0,0,0,0,0,0,0,0
254633322360078336,1,0,0,0,0,0,0,0,0,0,0,0,0,0,0
254663147644780555,0,0,0,0,0,0,0,0,0,0,0,0,0,0,0
256122701884817419,0,0,1,1,1,0,0,0,0,0,0,0,0,0,0
257105883559886848,1,1,0,0,0,0,0,0,0,0,0,0,0,0,0
266320766893686784,1,1,0,0,0,0,0,0,0,0,0,0,0,0,0
267148136877785088,1,0,0,0,0,0,0,0,0,0,0,0,0,0,0
268855497682190336,0,0,0,0,0,0,0,0,0,0,0,0,0,0,0
269150051404611584,0,0,0,0,0,0,0,0,0,0,0,0,0,0,0
269626345796009987,0,0,0,0,1,0,0,0,0,0,0,0,0,0,0
275307566546812929,0,0,0,0,0,0,0,0,0,0,0,0,0,0,0
277393337093324800,0,0,0,0,0,0,0,0,0,0,0,0,0,0,0
279711981122879488,0,0,0,0,0,0,0,0,0,0,0,0,0,0,0
281444233490202634,0,0,0,0,0,1,0,0,0,0,0,0,0,0,0
281818043028602880,0,0,1,0,0,0,0,0,0,0,0,0,0,0,0
283181559492902912,1,1,0,0,0,0,0,0,0,0,0,0,0,0,0
286868149922693130,1,1,1,0,0,0,0,0,0,0,0,0,0,0,0
289038394808598529,1,1,1,1,0,0,0,0,0,0,0,0,0,0,0
290735465617817600,0,0,0,0,0,0,0,0,0,0,0,0,0,0,0
292285308580659200,1,1,1,0,0,0,0,0,0,0,0,0,0,0,0
292677016128323586,0,0,0,0,0,0,0,0,0,0,0,0,0,0,0
294320629497200640,0,0,0,0,0,0,0,0,0,0,0,0,0,0,0
297570479902818304,0,0,0,0,0,1,1,0,0,0,0,0,0,0,0
298173563603648513,1,1,0,0,0,0,0,0,0,0,0,0,0,0,0
300565639603683329,0,0,0,0,0,0,0,0,0,0,0,0,0,0,0
300696431885549571,0,0,0,0,0,0,0,0,0,0,0,0,0,0,0
302470651460190209,0,0,0,0,0,0,0,0,0,0,0,0,0,0,0
302486608396156928,,,,,,,,,,,,,,,
303722309997297664,0,0,0,0,0,0,0,0,0,0,0,0,0,0,0
304057665590657034,0,0,0,0,0,0,0,0,0,0,0,0,0,0,0
305298777579716610,1,1,0,0,0,0,0,0,0,0,0,0,0,0,0
306140874335846411,1,1,1,0,0,0,0,0,0,0,0,0,0,0,0
306245579829411841,0,0,0,0,0,1,1,0,0,0,0,0,0,0,0
308155383506010113,0,0,0,0,0,0,0,0,0,0,0,0,0,0,0
308731000249122816,0,0,0,0,0,0,0,0,0,0,0,0,0,0,0
310194745466945566,0,0,0,0,0,1,1,0,0,0,0,0,0,0,0
310197275358003204,0,0,0,0,0,0,0,0,0,0,0,0,0,0,0
310251819215618049,0,0,0,0,0,1,1,0,0,0,0,0,0,0,0
312780855133339658,,,,,,,,,,,,,,,
314038262517858304,1,1,1,1,0,0,0,0,0,0,0,0,0,0,0
314138115251896320,1,1,1,0,0,0,0,0,0,0,0,0,0,0,0
314352802145107979,0,0,0,0,0,0,0,0,0,0,0,0,0,0,0
315789587001638912,0,0,0,0,0,0,0,0,0,0,0,0,0,0,0
318430271416303617,0,0,1,0,0,0,0,0,0,0,0,0,0,0,0
319473346595258369,0,0,0,1,0,0,0,0,0,0,0,0,0,0,0
320298518130458624,1,1,1,1,0,0,0,0,0,0,0,0,0,0,0
320677214654038017,1,1,1,1,1,1,1,0,0,0,0,0,0,0,0
323727902245912578,0,0,0,1,0,0,0,0,0,0,0,0,0,0,0
323950843973861386,0,0,0,0,0,0,0,0,0,0,0,0,0,0,0
326739315453591552,0,0,0,0,0,1,1,0,0,0,0,0,0,0,0
328206635015077888,0,1,0,0,0,0,0,0,0,0,0,0,0,0,0
329873412258398209,0,0,0,0,0,0,0,0,0,0,0,0,0,0,0
330512497951899649,1,1,1,0,0,0,0,0,0,0,0,0,0,0,0
333132368124575747,1,1,1,0,0,0,0,0,0,0,0,0,0,0,0
334068917800796160,0,0,0,0,0,0,0,0,0,0,0,0,0,0,0
336385555506135062,0,0,0,0,1,0,0,0,0,0,0,0,0,0,0
336889156867325953,0,0,0,0,0,0,0,0,0,0,0,0,0,0,0
337025706426892288,0,0,0,0,0,0,0,0,0,0,0,0,0,0,0
339160665459785729,0,0,0,0,0,0,0,0,0,0,0,0,0,0,0
339820544851574784,0,0,1,1,0,0,0,0,0,0,0,0,0,0,0
341866511754985472,0,0,0,0,0,0,0,0,0,0,0,0,0,0,0
342753722495008779,0,0,0,0,0,0,0,0,0,0,0,0,0,0,0
342887154017632257,,,,,,,,,,,,,,,
344299314262048769,0,0,0,0,0,0,0,0,0,0,0,0,0,0,0
345242647608426506,0,0,0,0,0,0,0,0,0,0,0,0,0,0,0
345687039758565386,0,0,0,0,0,0,0,0,0,0,0,0,0,0,0
346292488837005334,0,0,0,0,0,0,0,0,0,0,0,0,0,0,0
349003721793077251,,,,,,,,,,,,,,,
349537799722237964,0,0,0,0,0,0,0,0,0,0,0,0,0,0,0
351040999960739850,0,0,0,0,0,0,0,0,0,0,0,0,0,0,0
351874177008926721,0,0,0,0,0,0,0,0,0,0,0,0,0,0,0
352833902080950272,0,0,0,0,0,0,0,0,0,0,0,0,0,0,0
353974330087964674,0,0,0,0,0,0,0,0,0,0,0,0,0,0,0
354315143754285061,0,0,0,0,0,0,0,0,0,0,0,0,0,0,0
354601318767132672,0,0,0,0,0,0,0,0,0,0,0,0,0,0,0
355111330661007383,0,0,0,0,0,0,0,0,0,0,0,0,0,0,0
355303610311114782,0,0,0,0,0,0,0,0,0,0,0,0,0,0,0
356133025429454848,0,0,0,0,0,0,0,0,0,0,0,0,0,0,0
356134481452597250,1,1,1,1,0,1,0,0,0,0,0,0,0,0,0
357558848225148939,0,0,1,0,0,0,0,0,0,0,0,0,0,0,0
358935258537787392,0,0,0,0,0,0,1,0,0,0,0,0,0,0,0
359314447992487936,1,1,1,1,1,0,0,0,0,0,0,0,0,0,0
361504386704211973,0,0,0,0,0,0,0,0,0,0,0,0,0,0,0
361869265105715202,0,0,0,0,0,0,0,0,0,0,0,0,0,0,0
362173874382569475,0,1,1,0,0,0,0,0,0,0,0,0,0,0,0
362911597183893505,1,1,1,1,1,0,0,0,0,0,0,0,0,0,0
363601800265203712,0,0,0,0,0,0,0,0,0,0,0,0,0,0,0
364616437353938945,0,0,0,0,0,0,0,0,0,0,0,0,0,0,0
370265912533712916,0,0,0,0,0,0,0,0,0,0,0,0,0,0,0
372873016050319361,0,0,0,0,0,0,1,0,0,0,0,0,0,0,0
375752835435986957,0,0,0,0,0,0,1,0,0,0,0,0,0,0,0
376431487114805249,0,0,0,0,0,0,0,0,0,0,0,0,0,0,0
376585539320545280,0,0,0,0,0,0,0,0,0,0,0,0,0,0,0
378653037503184896,0,0,0,0,0,0,0,0,0,0,0,0,0,0,0
380475246144126987,0,0,0,0,0,0,0,0,0,0,0,0,0,0,0
381102853131075586,,,,,,,,,,,,,,,
382775937432813578,0,0,0,0,0,0,0,0,0,0,0,0,0,0,0
382988984449630219,0,0,0,1,0,0,0,0,0,0,0,0,0,0,0
385204578594979842,0,0,1,0,0,0,0,0,0,0,0,0,0,0,0
385438760957116416,0,0,0,0,0,0,0,0,0,0,0,0,0,0,0
385773862589038602,0,0,0,0,0,0,0,0,0,0,0,0,0,0,0
386323710656643072,0,0,0,0,0,0,0,0,0,0,0,0,0,0,0
386482662908493824,,,,,,,,,,,,,,,
386823566978580481,0,0,0,0,0,0,0,0,0,0,0,0,0,0,0
388699776452919307,0,0,0,0,0,0,0,0,0,0,0,0,0,0,0
389327045236359169,1,0,0,0,0,0,0,0,0,0,0,0,0,0,0
390551076295671808,0,0,0,0,0,0,0,0,0,0,0,0,0,0,0
391474917905924097,0,0,0,0,0,1,1,0,0,0,0,0,0,0,0
394738494200741888,1,1,1,0,0,0,0,0,0,0,0,0,0,0,0
394813056812843008,0,0,0,0,0,0,0,0,0,0,0,0,0,0,0
399244289428815882,0,0,0,0,0,0,0,0,0,0,0,0,0,0,0
399441612121309185,0,0,0,0,0,0,0,0,0,0,0,0,0,0,0
401034797809401879,0,0,0,0,0,1,1,0,0,0,0,0,0,0,0
401050299755790337,0,0,0,0,0,0,0,0,0,0,0,0,0,0,0
401823903640715274,1,1,1,0,0,0,0,0,0,0,0,0,0,0,0
401842467491545100,0,0,0,0,0,0,0,0,0,0,0,0,0,0,0
402191219712589838,0,0,0,0,0,0,0,0,0,0,0,0,0,0,0
402394928946348033,0,0,0,0,0,0,0,0,0,0,0,0,0,0,0
403456802068365313,1,1,1,0,0,0,0,0,0,0,0,0,0,0,0
403594293903753217,0,0,0,0,0,0,0,0,0,0,0,0,0,0,0
406530697403039746,1,1,1,0,0,0,0,0,0,0,0,0,0,0,0
406972966187040799,0,0,0,0,0,0,0,0,0,0,0,0,0,0,0
407313156722130944,,,,,,,,,,,,,,,
407681474372829184,0,0,0,0,0,1,0,0,0,0,0,0,0,0,0
407915988340703233,1,1,0,0,0,0,0,0,0,0,0,0,0,0,0
407997195199971329,0,0,0,0,0,0,1,0,0,0,0,0,0,0,0
408320569348456448,0,0,0,0,0,0,1,0,0,0,0,0,0,0,0
408697887023693834,0,0,0,0,0,0,0,0,0,0,0,0,0,0,0
408817279573295127,0,0,0,1,0,0,0,0,0,0,0,0,0,0,0
411018906535329794,0,0,0,0,0,0,0,0,0,0,0,0,0,0,0
412268374874259456,0,0,0,0,0,0,0,0,0,0,0,0,0,0,0
413503723059413022,0,0,0,0,0,0,0,0,0,0,0,0,0,0,0
414622187291541514,0,0,0,0,0,0,0,0,0,0,0,0,0,0,0
414823176971878400,1,1,1,1,1,0,0,0,0,0,0,0,0,0,0
415202196859256852,0,0,0,0,0,0,0,0,0,0,0,0,0,0,0
415914298586693642,0,0,0,0,0,0,0,0,0,0,0,0,0,0,0
416662456258002946,0,0,0,0,0,0,0,0,0,0,0,0,0,0,0
416784745414787074,1,1,1,0,0,0,0,0,0,0,0,0,0,0,0
417348336996319232,1,1,0,0,0,0,0,0,0,0,0,0,0,0,0
417731106394079235,1,1,0,0,0,0,0,0,0,0,0,0,0,0,0
418455975251673118,0,0,0,0,0,0,0,0,0,0,0,0,0,0,0
422412096463175680,0,1,1,0,0,0,0,0,0,0,0,0,0,0,0
424310292411973654,0,1,1,1,0,0,0,0,0,0,0,0,0,0,0
424900226474704897,0,0,0,0,0,0,0,0,0,0,0,0,0,0,0
424977521692639253,1,1,1,0,0,0,0,0,0,0,0,0,0,0,0
426297585092001793,0,0,0,0,0,0,0,0,0,0,0,0,0,0,0
426726905983533087,0,0,0,1,0,0,0,0,0,0,0,0,0,0,0
427183306862231573,1,1,0,0,0,0,0,0,0,0,0,0,0,0,0
427621308252160000,0,0,0,0,0,0,0,0,0,0,0,0,0,0,0
428699479017783308,0,0,0,0,0,0,0,0,0,0,0,0,0,0,0
428963389054779403,0,0,0,0,0,0,0,0,0,0,0,0,0,0,0
429643127259922432,0,0,0,0,0,1,1,0,0,0,0,0,0,0,0
429759315285377026,1,1,1,0,0,0,0,0,0,0,0,0,0,0,0
429988638646861825,0,0,0,0,0,0,0,0,0,0,0,0,0,0,0
431517866483777536,1,1,1,0,0,0,0,0,0,0,0,0,0,0,0
431795358536826890,1,1,1,1,0,0,0,0,0,0,0,0,0,0,0
433108303678013450,0,0,0,0,0,1,1,0,0,0,0,0,0,0,0
433596821852651521,0,0,0,0,0,0,0,0,0,0,0,0,0,0,0
434110212933419009,0,0,0,0,0,0,0,0,0,0,0,0,0,0,0
437029429407907843,1,1,1,0,1,0,0,0,0,0,0,0,0,0,0
438436461117702175,0,0,0,0,0,0,0,0,0,0,0,0,0,0,0
440540230844678165,1,1,1,0,0,0,0,0,0,0,0,0,0,0,0
440782684197879809,0,0,0,0,0,0,0,0,0,0,0,0,0,0,0
441213887182929921,0,0,0,0,0,0,0,0,0,0,0,0,0,0,0
441415341063667713,0,0,0,0,0,0,0,0,0,0,0,0,0,0,0
442398816189153282,0,0,0,0,0,0,0,0,0,0,0,0,0,0,0
444038903016718337,1,1,0,0,0,0,0,0,0,0,0,0,0,0,0
444645441980858368,1,1,1,1,1,1,1,0,0,0,0,0,0,0,0
444825374304632832,0,0,0,0,0,0,0,0,0,0,0,0,0,0,0
445700328260632576,0,0,0,0,0,0,0,0,0,0,0,0,0,0,0
446998643631849472,0,0,0,0,0,0,0,0,0,0,0,0,0,0,0
447035647320915978,0,0,0,0,0,0,0,0,0,0,0,0,0,0,0
447793347503849483,1,1,1,0,0,0,0,0,0,0,0,0,0,0,0
448516647742078996,0,1,1,1,0,0,0,0,0,0,0,0,0,0,0
449468151026155520,0,0,1,1,1,0,0,0,0,0,0,0,0,0,0
450277166366720000,0,0,0,0,0,0,0,0,0,0,0,0,0,0,0
450936922613874689,0,0,0,0,0,0,0,0,0,0,0,0,0,0,0
451167640577245184,0,0,0,0,0,1,1,0,0,0,0,0,0,0,0
451472015120138260,0,0,0,1,1,0,0,0,0,0,0,0,0,0,0
452152614210109450,0,0,0,0,0,0,0,0,0,0,0,0,0,0,0
452519188477509642,0,0,0,0,0,0,0,0,0,0,0,0,0,0,0
453058433042743297,0,0,0,0,0,0,0,0,0,0,0,0,0,0,0
454260696172068879,1,1,1,0,0,0,0,0,0,0,0,0,0,0,0
455350293358444545,0,0,0,0,0,0,0,0,0,0,0,0,0,0,0
460795363155247125,0,0,0,0,0,1,1,0,0,0,0,0,0,0,0
461586943738642433,0,0,0,0,0,0,0,0,0,0,0,0,0,0,0
462554041440796674,,,,,,,,,,,,,,,
462697548084412426,0,0,0,0,0,0,0,0,0,0,0,0,0,0,0
462895402027581451,0,0,0,0,0,0,0,0,0,0,0,0,0,0,0
463660046296023051,0,0,0,0,0,0,0,0,0,0,0,0,0,0,0
463671690392633345,0,0,0,0,0,0,0,0,0,0,0,0,0,0,0
465304274046550019,0,0,0,0,0,0,0,0,0,0,0,0,0,0,0
465913291542364180,0,0,0,0,0,1,1,0,0,0,0,0,0,0,0
466722271814483988,1,1,0,0,0,0,0,0,0,0,0,0,0,0,0
469885050004045824,,,,,,,,,,,,,,,
473523061879210007,0,0,0,0,0,0,1,0,0,0,0,0,0,0,0
473915904846200833,1,1,1,0,0,0,0,0,0,0,0,0,0,0,0
474634316081659914,0,1,0,0,0,0,0,0,0,0,0,0,0,0,0
475039477316714517,1,1,1,0,0,0,0,0,0,0,0,0,0,0,0
476487246418018316,0,0,0,0,0,0,0,0,0,0,0,0,0,0,0
477055910225772554,0,0,0,0,0,0,0,0,0,0,0,0,0,0,0
478281891355557888,0,0,0,0,0,0,0,0,0,0,0,0,0,0,0
478397236741406743,0,0,0,0,0,0,0,0,0,0,0,0,0,0,0
478618592531709962,0,0,0,0,0,0,0,0,0,0,0,0,0,0,0
479058605832798210,0,0,0,0,0,0,0,0,0,0,0,0,0,0,0
479063475600228362,1,1,1,0,0,0,0,0,0,0,0,0,0,0,0
479537947633516546,0,0,0,0,0,0,1,0,0,0,0,0,0,0,0
479691351009525770,0,0,0,0,0,0,0,0,0,0,0,0,0,0,0
480092344008572929,0,1,1,0,0,0,0,0,0,0,0,0,0,0,0
481428035556605952,1,1,1,0,0,0,0,0,0,0,0,0,0,0,0
481558030560002070,0,0,0,0,0,0,0,0,0,0,0,0,0,0,0
483014955646582801,0,0,0,0,0,0,0,0,0,0,0,0,0,0,0
483159950978318347,0,0,0,0,0,0,0,0,0,0,0,0,0,0,0
483766561853800458,0,0,0,0,0,0,0,0,0,0,0,0,0,0,0
484508659116671008,1,1,1,0,0,0,0,0,0,0,0,0,0,0,0
484811787921784832,0,0,0,0,0,0,0,0,0,0,0,0,0,0,0
485209387376443413,0,0,0,0,0,0,0,0,0,0,0,0,0,0,0
485623087744811008,0,0,0,0,0,0,0,0,0,0,0,0,0,0,0
486248336244867074,0,0,0,0,0,0,0,0,0,0,0,0,0,0,0
486684569186336769,0,1,1,0,0,0,0,0,0,0,0,0,0,0,0
488544137684189205,0,0,0,0,0,0,0,0,0,0,0,0,0,0,0
490291459996516354,0,0,0,0,0,0,0,0,0,0,0,0,0,0,0
491219480370872331,0,0,0,0,0,0,0,0,0,0,0,0,0,0,0
491279437485178910,0,0,0,0,0,0,0,0,0,0,0,0,0,0,0
491445197255737355,0,0,0,0,0,0,1,0,0,0,0,0,0,0,0
491662651101937675,0,0,0,0,0,0,0,0,0,0,0,0,0,0,0
493496468934754309,0,0,0,0,0,0,0,0,0,0,0,0,0,0,0
493519656485781535,,,,,,,,,,,,,,,
495117108158398466,0,0,0,0,0,0,0,0,0,0,0,0,0,0,0
496002895607496740,0,0,0,0,0,0,0,0,0,0,0,0,0,0,0
496746943419252747,0,1,0,0,0,0,0,0,0,0,0,0,0,0,0
496829577692446730,,,,,,,,,,,,,,,
498308468902592512,1,1,0,0,0,0,0,0,0,0,0,0,0,0,0
500393205154578445,0,1,0,0,0,0,0,0,0,0,0,0,0,0,0
500824605246881792,0,0,0,0,0,1,1,0,0,0,0,0,0,0,0
501055704812093470,1,1,1,1,0,1,0,0,0,0,0,0,0,0,0
503643866595983370,0,0,0,0,0,0,0,0,0,0,0,0,0,0,0
503664235285577738,1,1,1,0,0,0,0,0,0,0,0,0,0,0,0
504300020984578068,1,1,0,0,0,0,0,0,0,0,0,0,0,0,0
504454298344620062,1,0,0,0,0,0,0,0,0,0,0,0,0,0,0
504751394465775617,0,0,0,0,0,0,0,0,0,0,0,0,0,0,0
505755323009859587,0,0,0,0,0,0,0,0,0,0,0,0,0,0,0
506159336720957475,0,1,1,0,0,0,0,0,0,0,0,0,0,0,0
506222871228710912,0,0,0,0,0,1,1,0,0,0,0,0,0,0,0
506480959965757440,0,0,0,0,0,0,0,0,0,0,0,0,0,0,0
506548230507593748,1,1,1,1,0,0,0,0,0,0,0,0,0,0,0
509474394557382687,0,0,0,0,0,0,0,0,0,0,0,0,0,0,0
511195123653017611,0,0,0,0,0,0,1,0,0,0,0,0,0,0,0
512587604676575232,0,0,0,0,0,0,0,0,0,0,0,0,0,0,0
512704772797628417,0,0,0,0,0,0,0,0,0,0,0,0,0,0,0
513289598487625728,0,0,0,1,0,0,0,0,0,0,0,0,0,0,0
513475066139508737,0,0,1,0,0,1,0,0,0,0,0,0,0,0,0
513745597044621347,0,0,0,1,0,0,0,0,0,0,0,0,0,0,0
514832950265643019,1,1,1,1,0,0,0,0,0,0,0,0,0,0,0
514926878361124866,0,0,0,0,0,0,0,0,0,0,0,0,0,0,0
515887421842522112,0,0,0,0,0,0,0,0,0,0,0,0,0,0,0
516395785198239750,0,0,0,0,0,0,0,0,0,0,0,0,0,0,0
516473607619084288,1,1,1,1,0,0,0,0,0,0,0,0,0,0,0
517070341609226260,0,0,0,0,0,0,0,0,0,0,0,0,0,0,0
518106020413833217,0,0,0,0,0,0,1,0,0,0,0,0,0,0,0
519554088132804609,0,0,0,0,0,0,0,0,0,0,0,0,0,0,0
521066140261416964,1,0,0,0,0,0,0,0,0,0,0,0,0,0,0
521142678197370913,0,0,0,0,0,0,0,0,0,0,0,0,0,0,0
523816595991298065,1,1,1,0,0,0,0,0,0,0,0,0,0,0,0
528663429582553088,0,0,1,0,0,0,0,0,0,0,0,0,0,0,0
528688704894533652,0,0,0,0,0,0,0,0,0,0,0,0,0,0,0
528840772368465922,0,0,0,0,0,0,0,0,0,0,0,0,0,0,0
529460015707193377,0,0,0,0,0,0,0,0,0,0,0,0,0,0,0
529842159042560007,1,1,0,0,0,0,0,0,0,0,0,0,0,0,0
530414038979575838,0,0,0,0,0,0,0,0,0,0,0,0,0,0,0
530459104536428544,0,0,0,0,0,0,1,0,0,0,0,0,0,0,0
530713623853531154,0,0,0,0,0,0,0,0,0,0,0,0,0,0,0
530845161723527178,0,0,0,0,0,0,0,0,0,0,0,0,0,0,0
531094512819240960,0,0,0,1,0,0,0,0,0,0,0,0,0,0,0
531485809212129290,1,1,1,1,0,0,0,0,0,0,0,0,0,0,0
534715144794537984,1,1,1,0,0,0,0,0,0,0,0,0,0,0,0
534789929222406165,0,0,0,1,1,0,0,0,0,0,0,0,0,0,0
535130368404226049,0,0,0,0,0,0,0,0,0,0,0,0,0,0,0
535903268505911296,0,0,0,0,0,0,1,0,0,0,0,0,0,0,0
536274481392386071,0,0,0,0,0,0,0,0,0,0,0,0,0,0,0
536968139737661451,0,0,0,0,0,1,1,0,0,0,0,0,0,0,0
537754590716624897,1,1,0,0,0,0,0,0,0,0,0,0,0,0,0
538126885553438730,0,0,0,0,0,0,0,0,0,0,0,0,0,0,0
538393135663939594,0,0,0,0,0,0,0,0,0,0,0,0,0,0,0
538707680059981825,1,0,0,0,0,0,0,0,0,0,0,0,0,0,0
539421186459959296,0,1,1,0,0,0,0,0,0,0,0,0,0,0,0
539929118523916318,0,0,0,0,0,0,0,1,1,1,0,0,0,0,0
540153382858391563,0,0,0,0,0,0,0,0,0,0,0,0,0,0,0
540995877544787976,0,0,0,0,0,0,0,0,0,0,0,0,0,0,0
544115643255881758,0,0,0,0,0,0,0,0,0,0,0,0,0,0,0
544805031837171713,,,,,,,,,,,,,,,
545282156700893186,0,0,0,0,0,0,0,0,0,0,0,0,0,0,0
546792912797696001,0,1,1,0,0,0,0,0,0,0,0,0,0,0,0
546803469529513988,0,0,0,0,0,0,0,0,0,0,0,0,0,0,0
547170888374550548,1,1,0,0,0,0,0,0,0,0,0,0,0,0,0
547508900220370979,1,1,1,0,0,0,0,0,0,0,0,0,0,0,0
547887945441476608,0,0,0,1,0,0,0,0,0,0,0,0,0,0,0
548323410254495748,0,0,0,0,0,0,0,0,0,0,0,0,0,0,0
548922235616755752,0,0,0,0,0,0,0,0,0,0,0,0,0,0,0
550397953479540745,1,0,0,0,0,0,0,0,0,0,0,0,0,0,0
550657534181113856,0,0,0,0,0,0,0,0,0,0,0,0,0,0,0
552476973381713935,0,0,0,0,0,0,0,0,0,0,0,0,0,0,0
552568337629052948,1,1,1,1,0,0,0,0,0,0,0,0,0,0,0
553585353827811328,0,0,0,0,0,0,0,0,0,0,0,0,0,0,0
554724029638901774,0,0,0,0,0,0,0,0,0,0,0,0,0,0,0
555159896484479017,0,0,0,0,0,0,0,0,0,0,0,0,0,0,0
556153712532258826,1,0,0,0,0,0,0,0,0,0,0,0,0,0,0
556172794577289246,0,0,0,0,0,0,0,0,0,0,0,0,0,0,0
556387756172115968,0,0,0,0,0,0,0,0,0,0,0,0,0,0,0
558143553558151175,0,0,0,0,0,1,1,0,0,0,0,0,0,0,0
559137890467053608,1,1,1,0,0,0,0,0,0,0,0,0,0,0,0
560315963661352960,1,1,1,1,1,0,0,0,0,0,0,0,0,0,0
560864190525341701,0,0,0,1,0,0,0,0,0,0,0,0,0,0,0
561454864941580307,0,0,0,0,0,0,0,0,0,0,0,0,0,0,0
561893110976610304,0,0,0,0,0,0,1,0,0,0,0,0,0,0,0
563481444073078796,0,0,0,0,0,0,0,0,0,0,0,0,0,0,0
565517933950926852,0,0,0,0,0,1,0,0,0,0,0,0,0,0,0
565519369921101843,0,0,0,0,0,0,0,1,1,1,0,0,0,0,0
568484475151843329,0,1,1,1,0,0,0,0,0,0,0,0,0,0,0
569286111055183886,0,0,0,0,0,1,1,0,0,0,0,0,0,0,0
569972680275525633,0,0,0,0,0,1,1,0,0,0,0,0,0,0,0
569987282111692801,1,1,0,0,0,0,0,0,0,0,0,0,0,0,0
570267487393021969,0,0,0,1,1,0,1,0,0,0,0,0,0,0,0
570411065784139814,0,0,0,0,0,0,0,0,0,0,0,0,0,0,0
571295050303012901,,,,,,,,,,,,,,,
571787902296653844,0,0,0,0,0,0,0,0,0,0,0,0,0,0,0
572190522635190292,0,0,0,0,0,0,0,0,0,0,0,0,0,0,0
573891831524229141,0,0,0,1,1,0,0,0,0,0,0,0,0,0,0
574048571364605992,,,,,,,,,,,,,,,
575438939188494347,0,0,0,0,0,0,0,0,0,0,0,0,0,0,0
576604482708832257,1,1,1,0,0,0,0,0,0,0,0,0,0,0,0
576899415185424424,0,0,0,0,0,1,1,0,0,0,0,0,0,0,0
578230496316751882,0,0,0,0,0,0,0,0,0,0,0,0,0,0,0
580743628096536597,0,0,0,0,0,0,0,0,0,0,0,0,0,0,0
580834998521823258,0,0,0,0,0,0,0,0,0,0,0,0,0,0,0
580868079060516874,0,0,0,0,0,0,0,0,0,0,0,0,0,0,0
581471556090331176,0,0,0,0,0,0,0,0,0,0,0,0,0,0,0
584092935914651658,,,,,,,,,,,,,,,
585111620468998176,0,0,0,0,0,0,0,0,0,0,0,0,0,0,0
585413640807776257,0,0,0,0,0,0,0,0,0,0,0,0,0,0,0
585447219969261568,0,0,0,0,0,0,0,0,0,0,0,0,0,0,0
585923691490312194,,,,,,,,,,,,,,,
586868013026770955,0,0,1,0,0,0,0,0,0,0,0,0,0,0,0
587013339872231461,0,0,0,0,0,0,1,0,0,0,0,0,0,0,0
587888906838474763,0,0,0,0,0,0,0,0,0,0,0,0,0,0,0
588286509036077056,0,0,0,0,0,0,0,0,0,0,0,0,0,0,0
588981160671969280,0,0,0,0,0,0,0,0,0,0,0,0,0,0,0
589813917266739200,0,0,0,0,0,0,0,0,0,0,0,0,0,0,0
591205116141502464,0,0,0,0,0,0,0,0,0,0,0,0,0,0,0
592191440415883264,1,1,0,0,0,0,0,0,0,0,0,0,0,0,0
594133854999150607,0,0,0,1,0,0,0,0,0,0,0,0,0,0,0
594236901377048606,0,0,0,0,0,1,1,0,0,0,0,0,0,0,0
594328037416239137,0,0,0,0,0,0,0,0,0,0,0,0,0,0,0
594561618353061939,0,1,1,0,0,0,0,0,0,0,0,0,0,0,0
594699772250685440,1,1,0,0,0,0,0,0,0,0,0,0,0,0,0
596167663156461578,0,0,0,1,1,0,0,0,0,0,0,0,0,0,0
596709887963037701,0,0,0,0,0,0,0,0,0,0,0,0,0,0,0
596730511599206402,1,1,1,0,0,0,0,0,0,0,0,0,0,0,0
597761579492311041,,,,,,,,,,,,,,,
599091810991865857,0,0,0,0,0,0,0,0,0,0,0,0,0,0,0
600863464977727498,0,0,0,0,0,0,0,0,0,0,0,0,0,0,0
601399658975199233,0,0,0,0,0,0,0,0,0,0,0,0,0,0,0
601524755882835991,0,1,0,0,0,0,0,0,0,0,0,0,0,0,0
603681500793143318,0,0,0,0,0,0,0,0,0,0,0,0,0,0,0
604714499840147466,0,0,0,0,0,0,0,0,0,0,0,0,0,0,0
605729651087638573,0,1,1,0,0,0,0,0,0,0,0,0,0,0,0
605825763920445480,1,1,0,0,0,0,0,0,0,0,0,0,0,0,0
607547669556232213,0,0,0,0,0,0,0,0,0,0,0,0,0,0,0
609355069212852244,0,0,0,1,0,0,0,0,0,0,0,0,0,0,0
609803289168707628,0,0,0,0,0,0,0,0,0,0,0,0,0,0,0
611986883076948037,1,1,1,0,0,0,0,0,0,0,0,0,0,0,0
613226029300842512,0,0,0,0,0,0,0,0,0,0,0,0,0,0,0
613882781809770501,0,0,0,0,0,0,0,0,0,0,0,0,0,0,0
614113475664543764,0,1,1,0,0,0,0,0,0,0,0,0,0,0,0
616387244802048010,0,0,0,0,0,0,0,0,0,0,0,0,0,0,0
618099558026575873,0,0,0,0,0,0,0,0,0,0,0,0,0,0,0
619259438372487219,0,0,0,0,0,0,0,0,0,0,0,0,0,0,0
621692383582486558,0,0,0,0,0,1,0,0,0,0,0,0,0,0,0
623166994501337129,0,0,0,0,0,0,0,0,0,0,0,0,0,0,0
624816573919789056,0,0,0,0,0,0,0,0,0,0,0,0,0,0,0
625396652160581662,0,0,0,0,0,1,0,0,0,0,0,0,0,0,0
628709323068932125,0,1,0,0,0,0,0,0,0,0,0,0,0,0,0
629711559899217950,0,0,0,0,0,0,0,0,0,0,0,0,0,0,0
630135635793149992,0,0,0,0,0,0,0,0,0,0,0,0,0,0,0
630988748984811520,0,0,0,0,0,0,0,0,0,0,0,0,0,0,0
632306871423860736,0,0,1,0,0,0,0,0,0,0,0,0,0,0,0
634476639203360779,0,0,0,0,1,0,1,0,0,0,0,0,0,0,0
635923043985653801,0,0,0,1,0,0,0,0,0,0,0,0,0,0,0
640288880465281035,0,0,0,0,0,0,0,0,0,0,0,0,0,0,0
642061851798142991,0,0,1,0,0,0,0,0,0,0,0,0,0,0,0
642539080533671948,0,0,0,0,0,0,0,0,0,0,0,0,0,0,0
643867665617911828,0,0,0,0,0,0,1,0,0,0,0,0,0,0,0
644692456201519105,0,0,0,1,0,1,1,0,0,0,0,0,0,0,0
645015680676134922,1,1,1,0,0,0,0,0,0,0,0,0,0,0,0
645301647278604298,0,0,0,0,0,0,0,0,0,0,0,0,0,0,0
645527203144269855,0,1,0,0,0,0,0,0,0,0,0,0,0,0,0
645681433548947486,0,0,0,1,0,0,0,0,0,0,0,0,0,0,0
645983752467775500,1,1,1,1,0,1,1,0,0,0,0,0,0,0,0
646384195807215617,0,0,0,0,0,0,0,0,0,0,0,0,0,0,0
646469411099770890,0,0,0,0,0,0,0,0,0,0,0,0,0,0,0
646637940767981569,0,0,0,0,0,0,0,0,0,0,0,0,0,0,0
647566475284054026,0,0,0,0,0,0,0,0,0,0,0,0,0,0,0
648549264871391303,0,0,0,0,0,0,0,0,0,0,0,0,0,0,0
650091855060664400,0,0,0,0,0,1,1,0,0,0,0,0,0,0,0
650716219959410693,0,0,0,0,0,0,0,0,0,0,0,0,0,0,0
651529539196944396,0,1,1,1,0,0,0,0,0,0,0,0,0,0,0
651747408589619210,0,1,0,0,0,0,0,0,0,0,0,0,0,0,0
654307909571706899,1,1,1,0,0,0,0,0,0,0,0,0,0,0,0
657986293917155338,0,0,0,0,0,0,0,0,0,0,0,0,0,0,0
658091866696318977,0,0,0,0,0,0,0,0,0,0,0,0,0,0,0
658273334185820189,0,0,0,0,0,0,0,0,0,0,0,0,0,0,0
659451099060764673,0,0,0,0,0,0,0,0,0,0,0,0,0,0,0
660467724731940875,0,0,0,0,0,0,0,0,0,0,0,0,0,0,0
660559765537161216,0,1,0,0,0,0,0,0,0,0,0,0,0,0,0
661363133511630853,1,0,0,0,0,0,0,0,0,0,0,0,0,0,0
661392911971254290,0,0,1,0,0,0,0,0,0,0,0,0,0,0,0
662031045348032534,1,1,1,0,0,0,0,0,0,0,0,0,0,0,0
663908337888395274,1,0,0,0,0,0,0,0,0,0,0,0,0,0,0
664191618663972875,0,0,0,0,0,0,0,0,0,0,0,0,0,0,0
665729710449491988,0,1,1,0,0,0,0,0,0,0,0,0,0,0,0
666022783620349993,1,1,0,0,0,0,0,0,0,0,0,0,0,0,0
669082546507874304,0,0,0,0,0,0,0,0,0,0,0,0,0,0,0
669311027615105030,0,0,0,0,0,0,1,0,0,0,0,0,0,0,0
670696559020605440,1,1,1,1,1,0,0,0,0,0,0,0,0,0,0
670953174949167115,0,0,0,0,0,0,0,0,0,0,0,0,0,0,0
673604158347018241,0,0,0,1,1,0,0,0,0,0,0,0,0,0,0
674735676494839838,1,0,0,0,0,0,0,0,0,0,0,0,0,0,0
677156845613219862,1,1,1,1,0,0,0,0,0,0,0,0,0,0,0
677372779351244810,0,0,0,0,0,0,0,0,0,0,0,0,0,0,0
677589828107239445,0,0,0,0,0,0,0,0,0,0,0,0,0,0,0
678633932547424355,0,0,0,0,0,1,0,0,0,0,0,0,0,0,0
678726341272666157,0,0,0,0,0,0,0,0,0,0,0,0,0,0,0
679759707183120459,1,1,1,0,0,0,0,0,0,0,0,0,0,0,0
680847398444204058,0,0,0,0,0,0,0,0,0,0,0,0,0,0,0
680980657395990653,0,0,0,0,0,0,0,0,0,0,0,0,0,0,0
681153170407161902,1,1,1,0,0,0,0,0,0,0,0,0,0,0,0
681223987946192929,0,0,0,0,0,0,0,0,0,0,0,0,0,0,0
682046515736346644,1,1,1,0,0,0,0,0,0,0,0,0,0,0,0
682590270608637960,1,1,0,0,0,0,0,0,0,0,0,0,0,0,0
685491662331445252,1,1,1,1,0,0,0,0,0,0,0,0,0,0,0
685957055152128054,0,0,0,0,0,0,0,0,0,0,0,0,0,0,0
688842788325949536,1,1,0,0,0,0,0,0,0,0,0,0,0,0,0
689095035093778448,0,0,0,0,0,0,0,0,0,0,0,0,0,0,0
689501701358878753,0,0,0,0,0,0,0,0,0,0,0,0,0,0,0
689531090809126956,0,0,0,0,0,0,0,0,0,0,0,0,0,0,0
689665429777809497,0,0,0,0,0,0,0,0,0,0,0,0,0,0,0
690411161606291496,1,1,0,0,0,0,0,0,0,0,0,0,0,0,0
691030456472436786,0,0,0,0,0,0,0,0,0,0,0,0,0,0,0
691529916382183424,0,0,0,1,1,0,1,0,0,0,0,0,0,0,0
691912605689839639,0,0,0,0,0,0,0,0,0,0,0,0,0,0,0
692040161957117962,0,0,0,0,0,0,0,0,0,0,0,0,0,0,0
692140674471952405,0,0,0,0,0,0,0,0,0,0,0,0,0,0,0
693802420899151882,0,0,0,0,0,0,0,0,0,0,0,0,0,0,0
693953699986538496,0,0,0,0,0,0,0,0,0,0,0,0,0,0,0
694360109157056572,0,1,1,0,0,0,0,0,0,0,0,0,0,0,0
694396554806820864,0,0,0,0,0,0,0,0,0,0,0,0,0,0,0
694501324557123604,0,0,0,0,0,0,0,0,0,0,0,0,0,0,0
695951099139719210,1,1,0,0,0,0,0,0,0,0,0,0,0,0,0
696040963734241352,0,0,0,0,0,0,0,0,0,0,0,0,0,0,0
696396277537177641,0,0,0,0,0,0,0,0,0,0,0,0,0,0,0
698580107660492900,0,1,0,0,0,0,0,0,0,0,0,0,0,0,0
700306130739396680,0,0,0,0,0,0,0,0,0,0,0,0,0,0,0
700340069994725376,1,1,1,0,0,0,0,0,0,0,0,0,0,0,0
701402246050480218,0,0,0,0,0,0,0,0,0,0,0,0,0,0,0
702677129237626911,0,0,0,0,0,0,0,0,0,0,0,0,0,0,0
702737197312245810,1,1,1,1,0,0,0,0,0,0,0,0,0,0,0
703893493399158784,0,0,0,0,0,1,0,0,0,0,0,0,0,0,0
704064330274046016,0,0,0,0,0,0,0,0,0,0,0,0,0,0,0
704399976666628207,0,0,0,0,0,0,1,0,0,0,0,0,0,0,0
705427261859561552,1,1,0,0,0,0,0,0,0,0,0,0,0,0,0
707008955980972143,1,1,1,0,0,0,0,0,0,0,0,0,0,0,0
707472517572329475,0,0,0,0,0,0,0,0,0,0,0,0,0,0,0
708028946142199911,0,0,0,0,0,0,0,0,0,0,0,0,0,0,0
708244344536301589,1,1,1,0,0,0,0,0,0,0,0,0,0,0,0
708691496953708626,1,1,0,0,0,0,0,0,0,0,0,0,0,0,0
709924914391416944,0,0,0,0,0,0,0,0,0,0,0,0,0,0,0
710236228661805057,1,1,0,0,0,0,0,0,0,0,0,0,0,0,0
710965083504640062,0,0,0,0,0,0,0,0,0,0,0,0,0,0,0
711408745493823560,0,0,0,0,0,1,1,0,0,0,0,0,0,0,0
713876679768014899,0,0,0,0,0,0,1,0,0,0,0,0,0,0,0
714460934558449716,1,1,1,0,0,0,0,0,0,0,0,0,0,0,0
716419046614106293,,,,,,,,,,,,,,,
717330882331017236,,,,,,,,,,,,,,,
717380188417032215,1,1,1,1,1,0,0,0,0,0,0,0,0,0,0
717454473911336971,0,0,0,0,0,0,0,0,0,0,0,0,0,0,0
718107192691261512,0,0,0,1,0,0,0,0,0,0,0,0,0,0,0
718933921353433119,0,0,0,0,0,0,0,0,0,0,0,0,0,0,0
719533723548123157,1,1,1,0,0,0,0,0,0,0,0,0,0,0,0
720667197499899964,0,0,0,0,0,0,0,0,0,0,0,0,0,0,0
721326063464218635,,,,,,,,,,,,,,,
721418711462051922,0,0,1,1,0,0,0,0,0,0,0,0,0,0,0
721856862097768492,0,0,0,0,0,0,0,0,0,0,0,0,0,0,0
722037121392705597,0,0,0,0,0,0,0,0,0,0,0,0,0,0,0
722605305434865696,0,0,0,0,0,0,0,0,0,0,0,0,0,0,0
723508874031792149,0,0,0,0,0,1,0,0,0,0,0,0,0,0,0
723552933106548736,1,1,0,0,0,0,0,0,0,0,0,0,0,0,0
723641943921262622,0,0,0,0,0,0,0,0,0,0,0,0,0,0,0
723861550833860648,0,0,0,0,0,0,0,0,0,0,0,0,0,0,0
724740854765453361,1,1,0,0,0,0,0,0,0,0,0,0,0,0,0
726517779125239928,1,1,1,0,0,0,0,0,0,0,0,0,0,0,0
726660898793717800,,,,,,,,,,,,,,,
726716297114550273,0,0,0,0,0,1,1,0,0,0,0,0,0,0,0
727181357306085377,0,0,0,0,0,0,0,0,0,0,0,0,0,0,0
728360790851059805,0,0,0,0,0,0,0,0,0,0,0,0,0,0,0
728877076635058227,0,0,0,0,0,0,0,0,0,0,0,0,0,0,0
729031219748274227,,,,,,,,,,,,,,,
729124925998104606,0,0,0,0,0,1,1,0,0,0,0,0,0,0,0
732881183108759613,0,0,0,1,1,0,0,0,0,0,0,0,0,0,0
732974450122686506,1,1,1,0,0,0,0,0,0,0,0,0,0,0,0
733050462751817848,0,0,0,0,0,0,0,0,0,0,0,0,0,0,0
734323259662925875,1,1,0,0,0,0,0,0,0,0,0,0,0,0,0
735848187193196665,,,,,,,,,,,,,,,
735972810270179358,1,0,0,0,0,0,0,0,0,0,0,0,0,0,0
737376632121196627,0,0,0,0,0,0,0,0,0,0,0,0,0,0,0
737784120976867370,,,,,,,,,,,,,,,
738867536275177532,0,0,0,0,0,0,0,0,0,0,0,0,0,0,0
740196561971183648,1,0,0,0,0,0,0,0,0,0,0,0,0,0,0
740227876128948294,0,1,1,0,0,0,0,0,0,0,0,0,0,0,0
740642503119601766,0,0,0,0,0,0,0,0,0,0,0,0,0,0,0
742779372053856276,0,0,0,0,0,0,0,0,0,0,0,0,0,0,0
742996014344044566,,,,,,,,,,,,,,,
743973275901886486,0,0,0,0,0,0,0,0,0,0,0,0,0,0,0
744652787010240602,0,0,0,0,0,0,0,0,0,0,0,0,0,0,0
747500781845872775,1,1,1,1,0,0,0,0,0,0,0,0,0,0,0
747989475694608474,0,0,0,0,0,1,1,0,0,0,0,0,0,0,0
748966690846671049,,,,,,,,,,,,,,,
749586251094687757,1,1,0,0,0,0,0,0,0,0,0,0,0,0,0
750246315811799082,1,1,1,1,0,0,0,0,0,0,0,0,0,0,0
751475544477925468,1,0,0,0,0,0,0,0,0,0,0,0,0,0,0
752944456931606633,0,0,0,0,0,1,1,0,0,0,0,0,0,0,0
753419022573502575,0,0,0,0,0,1,1,0,0,0,0,0,0,0,0
754439380042776897,0,0,0,0,0,0,0,0,0,0,0,0,0,0,0
755185326812692480,1,1,0,0,0,0,0,0,0,0,0,0,0,0,0
755202468693934200,0,0,0,0,0,0,0,0,0,0,0,0,0,0,0
756135403551195166,0,0,0,0,0,1,1,1,0,0,0,0,0,0,0
757044417793359872,0,0,0,0,0,0,0,0,0,0,0,0,0,0,0
757360222057660628,1,1,1,1,0,0,0,0,0,0,0,0,0,0,0
757658382395113594,0,0,0,0,0,1,1,0,0,0,0,0,0,0,0
758720230322208839,0,0,0,0,0,0,0,0,0,0,0,0,0,0,0
759280407199350784,1,0,0,0,0,0,0,0,0,0,0,0,0,0,0
759997505877311498,1,1,1,0,0,0,0,0,0,0,0,0,0,0,0
760896447163662436,0,0,0,0,0,1,1,0,0,0,0,0,0,0,0
763826309725552701,0,0,0,0,0,0,0,0,0,0,0,0,0,0,0
764214460624797708,0,0,0,0,0,0,0,0,0,0,0,0,0,0,0
765804971550965781,,,,,,,,,,,,,,,
766143265182580736,0,0,0,0,0,0,0,0,0,0,0,0,0,0,0
766721780718108702,0,0,0,1,0,0,0,0,0,0,0,0,0,0,0
767014335146754058,0,0,0,1,1,0,0,0,0,0,0,0,0,0,0
768164497092902922,0,0,0,0,0,0,0,0,0,0,0,0,0,0,0
770988795440791562,0,0,0,0,0,0,0,0,0,0,0,0,0,0,0
772307395267133440,1,1,1,1,1,0,0,0,0,0,0,0,0,0,0
772654415805939753,1,1,0,0,0,0,0,0,0,0,0,0,0,0,0
773757935200239647,1,1,0,0,0,0,0,0,0,0,0,0,0,0,0
774269651692552203,0,0,0,0,0,0,0,0,0,0,0,0,0,0,0
775416294400327700,0,0,1,0,0,0,0,0,0,0,0,0,0,0,0
775802030631419926,0,0,0,0,0,0,0,0,0,0,0,0,0,0,0
775874076983689246,0,0,0,1,0,0,0,0,0,0,0,0,0,0,0
776902205399367741,0,0,0,1,0,0,0,0,0,0,0,0,0,0,0
781062248440922132,0,0,0,0,0,0,0,0,0,0,0,0,0,0,0
782057419223597056,,,,,,,,,,,,,,,
782247704625545236,0,0,0,0,0,0,0,0,0,0,0,0,0,0,0
782662860975243284,0,0,0,0,0,0,0,0,0,0,0,0,0,0,0
783614706698158090,,,,,,,,,,,,,,,
783792123564523580,0,0,0,0,0,0,0,0,0,0,0,0,0,0,0
784527187453542440,0,0,0,0,0,0,0,0,0,0,0,0,0,0,0
787592552379318292,0,1,0,0,0,0,0,0,0,0,0,0,0,0,0
787755177238200350,1,1,1,0,0,0,0,0,0,0,0,0,0,0,0
791187748652187658,0,0,0,0,0,0,0,0,0,0,0,0,0,0,0
792457985590820925,0,0,0,0,0,0,0,0,0,0,0,0,0,0,0
793998180106502157,1,1,0,0,0,0,0,0,0,0,0,0,0,0,0
794764813908836362,0,0,0,0,0,0,0,0,0,0,0,0,0,0,0
795048346955677748,0,0,1,1,0,0,1,1,1,1,0,0,0,0,0
795689481524609024,0,0,0,0,0,0,0,0,0,0,0,0,0,0,0
797894861143277588,0,1,0,0,0,0,0,0,0,0,0,0,0,0,0
798361651836485632,0,0,0,0,0,0,0,0,0,0,0,0,0,0,0
798556559201927190,0,0,1,1,0,0,0,0,0,0,0,0,0,0,0
798918962728796201,0,0,0,0,0,0,0,0,0,0,0,0,0,0,0
802080992017776711,0,0,0,0,0,0,0,0,0,0,0,0,0,0,0
802189555260194837,1,1,0,0,0,0,0,0,0,0,0,0,0,0,0
805204780212420609,0,0,0,0,0,0,0,0,0,0,0,0,0,0,0
805436559280570419,0,0,0,0,0,0,0,0,0,0,0,0,0,0,0
808528320202932284,1,1,1,0,0,0,0,0,0,0,0,0,0,0,0
808877133257637941,0,0,0,0,0,0,0,0,0,0,0,0,0,0,0
809325216265797634,0,0,0,0,0,0,0,0,0,0,0,0,0,0,0
812043184808788009,0,0,0,0,0,0,1,0,0,0,0,0,0,0,0
812499432342814771,1,1,1,1,0,0,0,0,0,0,0,0,0,0,0
813547222612443186,0,0,0,0,0,0,0,0,0,0,0,0,0,0,0
814149677687504936,1,1,0,0,0,0,0,0,0,0,0,0,0,0,0
814435487283806230,1,1,1,0,0,0,0,0,0,0,0,0,0,0,0
814935749723684924,1,1,1,0,0,0,0,0,0,0,0,0,0,0,0
815754520222629889,0,0,0,0,0,0,0,0,0,0,0,0,0,0,0
816352448087195708,0,0,0,0,0,0,1,0,0,0,0,0,0,0,0
820851250522357760,0,0,0,0,0,0,0,0,0,0,0,0,0,0,0
825011518730010694,0,0,0,0,0,0,0,0,0,0,0,0,0,0,0
829834616068243486,0,0,0,0,1,0,1,0,0,0,0,0,0,0,0
833375689666854962,0,0,0,0,0,0,0,0,0,0,0,0,0,0,0
834371688963506217,0,1,1,1,0,1,1,0,0,0,0,0,0,0,0
836613596090990673,0,0,0,0,0,0,0,0,0,0,0,0,0,0,0
841916181425946655,0,0,0,0,0,0,0,0,0,0,0,0,0,0,0
842152575238406165,1,1,1,0,0,0,0,0,0,0,0,0,0,0,0
845902867776012309,0,0,0,1,0,0,0,0,0,0,0,0,0,0,0
847586539315265566,0,0,0,0,0,0,0,0,0,0,0,0,0,0,0
850314771630784542,0,0,0,0,0,0,0,0,0,0,0,0,0,0,0
850430959048458280,0,0,0,0,0,0,0,0,0,0,0,0,0,0,0
851496120077254732,0,0,0,0,0,0,0,0,0,0,0,0,0,0,0
851944866405154816,0,0,0,0,0,0,0,0,0,0,0,0,0,0,0
856733859420045352,0,0,0,0,0,0,0,0,0,0,0,0,0,0,0
865795982763622421,0,0,0,0,0,0,0,0,0,0,0,0,0,0,0
867051053362970635,1,1,1,1,0,0,0,0,0,0,0,0,0,0,0
867798410735255613,0,0,0,0,0,0,0,0,0,0,0,0,0,0,0
868130222288015410,1,1,1,1,0,0,0,0,0,0,0,0,0,0,0
869272880301633586,0,0,0,0,0,0,0,0,0,0,0,0,0,0,0
871746718981570600,0,0,0,0,0,0,0,0,0,0,0,0,0,0,0
873810635736121355,0,0,0,0,0,0,0,0,0,0,0,0,0,0,0
880825054202576908,0,0,0,0,0,0,0,0,0,0,0,0,0,0,0
881327897472819261,0,0,0,0,0,0,0,0,0,0,0,0,0,0,0
882738910545981510,0,0,0,0,0,0,0,0,0,0,0,0,0,0,0
884589309037011015,,,,,,,,,,,,,,,
884924921820614677,,,,,,,,,,,,,,,
885191764896522260,0,0,0,0,0,0,0,0,0,0,0,0,0,0,0
886162573534310430,0,0,0,0,0,0,0,0,0,0,0,0,0,0,0
888687962039128084,0,0,0,0,0,0,0,0,0,0,0,0,0,0,0
888981960616194078,0,0,0,0,0,0,0,0,0,0,0,0,0,0,0
897205530530041876,0,0,0,0,0,0,0,0,0,0,0,0,0,0,0
898332703043256341,0,0,0,1,0,0,0,0,0,0,0,0,0,0,0
899952552295166002,1,1,0,0,0,0,0,0,0,0,0,0,0,0,0
901406923851718668,,,,,,,,,,,,,,,
902907010369077349,1,1,1,0,0,0,0,0,0,0,0,0,0,0,0
903647372947644446,0,0,0,0,0,0,0,0,0,0,0,0,0,0,0
904112034591961138,0,0,0,0,0,0,0,0,0,0,0,0,0,0,0
910101008833720370,1,1,0,0,0,0,0,0,0,0,0,0,0,0,0
910219255629365258,0,0,0,0,0,0,0,0,0,0,0,0,0,0,0
916062729415053313,0,0,0,0,0,0,0,0,0,0,0,0,0,0,0
923642362507448340,0,0,1,0,0,0,0,0,0,0,0,0,0,0,0
927647215676162158,1,1,1,0,0,0,0,0,0,0,0,0,0,0,0
930992804094685184,0,0,0,0,0,0,0,0,0,0,0,0,0,0,0
932902965692481586,0,0,0,0,0,0,0,0,0,0,0,0,0,0,0
933795553299550320,1,1,1,1,0,0,0,0,0,0,0,0,0,0,0
938342630503370783,0,0,0,0,0,0,0,0,0,0,0,0,0,0,0
944685416290865194,1,1,1,0,0,0,0,0,0,0,0,0,0,0,0
947829191968174081,,,,,,,,,,,,,,,
948715918022803506,1,0,0,0,0,0,0,0,0,0,0,0,0,0,0
955181790157488208,0,0,1,1,0,0,0,0,0,0,0,0,0,0,0
956203203534393394,,,,,,,,,,,,,,,
960616639617974342,0,1,0,0,0,0,0,0,0,0,0,0,0,0,0
963188382119379024,0,0,0,0,0,0,1,0,0,0,0,0,0,0,0
963987773822472223,0,0,0,0,0,0,0,0,0,0,0,0,0,0,0
964074643038298142,0,0,0,0,0,1,0,0,0,0,0,0,0,0,0
965067526449033246,0,0,0,0,0,0,0,0,0,0,0,0,0,0,0
968243197350391828,1,1,0,0,0,0,0,0,0,0,0,0,0,0,0
968913044358971432,1,1,1,1,1,0,0,0,0,0,0,0,0,0,0
974370069184401418,0,0,0,0,0,0,0,0,0,0,0,0,0,0,0
974714890461798440,1,1,1,1,0,1,1,0,0,0,0,0,0,0,0
975908712768217099,1,1,1,1,0,0,0,0,0,0,0,0,0,0,0
978271370318327809,0,0,0,0,0,0,0,0,0,0,0,0,0,0,0
990165657133920266,0,0,0,0,0,1,0,0,0,0,0,0,0,0,0
990991977833197578,0,0,0,1,1,1,1,0,0,0,0,0,0,0,0
991435697342918726,0,0,0,1,0,0,0,0,0,0,0,0,0,0,0
991735540888125631,0,0,0,0,0,0,0,0,0,0,0,0,0,0,0
998200250252673144,1,1,1,0,0,0,0,0,0,0,0,0,0,0,0
998696589684125749,0,0,0,0,0,0,0,0,0,0,0,0,0,0,0
1005328523684221038,1,0,0,0,0,0,0,0,0,0,0,0,0,0,0
1010325578949345300,1,1,0,0,0,0,0,0,0,0,0,0,0,0,0
1011922039025717270,1,1,1,0,0,0,0,0,0,0,0,0,0,0,0
1014922346324303944,0,0,0,0,0,0,1,0,0,0,0,0,0,0,0
1015174664789692426,0,0,0,0,0,0,0,0,0,0,0,0,0,0,0
1021534070934601748,0,1,1,1,0,0,0,0,0,0,0,0,0,0,0
1023500178939977809,0,0,0,0,0,0,0,0,0,0,0,0,0,0,0
1025423349100318720,0,0,1,1,0,0,0,0,0,0,0,0,0,0,0
1028781362322354278,1,0,0,0,0,0,0,0,0,0,0,0,0,0,0
1030870708647104582,1,1,1,1,0,0,0,0,0,0,0,0,0,0,0
1030948883104272444,1,1,0,0,0,0,0,0,0,0,0,0,0,0,0
1041011392699977788,0,0,0,0,0,0,0,0,0,0,0,0,0,0,0
1045091362653089933,1,1,0,0,0,0,0,0,0,0,0,0,0,0,0
1045384866201608283,1,1,0,0,0,0,0,0,0,0,0,0,0,0,0
1048017083230867468,0,0,0,0,0,0,0,0,0,0,0,0,0,0,0
1052583979389288490,,,,,,,,,,,,,,,
1071072832555061248,0,0,0,0,0,0,0,0,0,0,0,0,0,0,0
1081464530120482826,0,0,0,0,0,0,1,0,0,0,0,0,0,0,0
1083530421255544873,0,0,0,0,0,0,0,0,0,0,0,0,0,0,0
1089116046276968458,,,,,,,,,,,,,,,
